gender,age
Female,65
Male,60
NA,NA
NA,NA
Female,NA
Female,33
Male,20
Female,NA
Male,76
Female,61
Male,37
Male,23
Female,71
Male,21
Male,75
Female,20
Female,65
Female,56
Female,22
Female,33
Male,NA
Male,31
Female,55
Female,33
Male,37
Male,53
Female,43
Female,44
Male,32
Male,65
Female,30
Female,52
Male,34
Male,53
Female,NA
Female,62
Female,62
Male,42
NA,NA
Male,29
Female,53
Female,51
Female,24
Male,51
Female,26
Male,37
Female,28
Male,30
Male,57
Male,45
Female,43
Female,31
Female,23
Female,64
Female,82
Male,NA
Male,58
Male,89
Male,51
Male,78
NA,NA
Male,NA
Male,NA
Female,42
Male,64
Female,51
Female,NA
Female,51
Male,50
Female,55
Male,57
Male,62
Female,62
Male,33
Female,72
Female,64
Male,42
Female,73
Male,49
Female,63
Female,32
Male,22
Male,65
Female,71
Male,43
Female,55
Female,33
Male,28
Female,62
Female,55
Male,41
Male,66
Male,74
Female,NA
Male,51
Female,66
Male,70
Female,NA
Female,57
Male,60
Male,41
Male,56
Female,46
Female,41
Female,22
Male,61
Male,79
Male,38
Female,64
Male,68
Male,28
Male,33
Female,38
Female,32
Female,41
Female,54
NA,NA
Female,71
Female,89
Female,63
Male,73
Female,38
Female,59
Female,56
Male,25
Female,28
Female,24
Male,37
Female,40
Female,61
Female,67
Female,25
Male,58
Female,84
Female,68
Female,63
Female,36
Male,67
Female,53
Female,60
Male,87
Female,74
Female,66
Female,46
Male,43
Female,NA
Male,49
Male,74
Female,54
Male,53
Female,NA
Male,62
Female,65
Female,41
Male,46
Female,64
Female,79
Female,33
Male,74
Female,75
Male,74
Male,65
Female,41
NA,NA
Male,57
Female,35
Female,36
Female,43
None of these,NA
Female,44
Female,67
Male,45
Female,NA
Female,36
Female,40
Male,33
Male,57
Female,32
Male,69
Male,67
Male,28
Female,41
Female,45
NA,NA
Male,NA
Female,64
Male,41
Male,52
Female,58
Female,NA
Female,79
Male,NA
Female,85
Male,NA
Female,53
Female,59
Male,39
Female,50
Female,37
Male,35
None of these,42
Female,57
Female,28
Female,37
Female,72
Female,34
Female,63
Female,51
Male,33
Female,70
Male,59
Female,44
Female,78
Female,NA
Female,46
Male,37
Female,49
None of these,30
Male,50
Male,67
Female,42
Female,20
Female,65
Female,36
Male,NA
Male,60
Male,47
Female,29
Female,60
Male,35
Female,43
Female,64
Female,34
Male,39
Male,68
Female,32
Female,29
Female,45
Female,42
Female,74
NA,NA
Male,32
Male,38
Female,60
Male,NA
Female,52
Male,67
Male,57
Male,NA
Female,38
Female,67
Male,37
Male,58
Male,NA
Male,33
Male,72
Male,36
Female,30
Female,NA
Male,46
Female,33
Female,34
Male,52
Male,39
Female,78
Female,27
Female,53
Female,61
Male,37
Female,48
Male,25
Female,32
Male,33
Male,69
Female,57
Male,69
Male,60
Male,NA
Male,61
Male,61
Female,65
Female,37
Male,65
Male,63
Female,34
Male,65
Female,NA
Female,29
Female,67
Female,29
NA,NA
Male,69
Female,44
Male,35
Male,57
Female,NA
Female,60
Male,66
Male,32
Male,72
Female,NA
Male,24
Female,57
Male,76
Female,52
Female,64
Female,36
Male,42
Female,39
Male,66
Female,44
Female,63
Female,59
Female,70
Female,59
Male,66
Female,74
Male,80
Male,75
Male,49
Male,42
Female,60
Female,37
Male,37
Male,27
Female,67
Female,73
Female,22
Female,NA
Male,47
Female,59
Female,48
Female,30
Female,65
Female,32
Female,67
Male,34
Female,NA
Male,69
NA,NA
Male,45
Male,41
Male,51
Male,39
Male,89
Female,70
Male,60
Male,79
Male,53
Male,NA
Female,64
Female,49
Female,55
Female,42
Male,62
Female,56
Female,44
Female,30
Male,79
Female,65
Male,43
Female,43
Female,31
Female,43
Female,26
Female,31
Female,64
Female,31
Male,47
Female,27
Female,30
NA,NA
Male,36
Female,26
Female,45
Male,45
Female,79
Male,25
NA,NA
Female,40
Female,28
Male,36
Male,37
Female,61
Female,52
Male,65
Female,65
Male,61
NA,NA
Female,49
Male,22
Male,50
Male,89
Male,56
Male,NA
Male,45
Female,37
Female,68
Male,18
Male,42
Female,37
Male,44
Male,63
Male,29
Female,37
Female,66
Male,52
Female,55
Female,44
Female,64
Male,59
Female,53
Male,30
Male,48
Male,50
Male,61
Male,53
Male,61
Female,30
Male,NA
Female,62
Female,44
Male,60
Male,66
NA,NA
Male,69
Male,47
Female,62
Female,80
Male,47
Male,37
Female,54
Female,47
Male,59
Male,57
Female,NA
Female,33
Male,41
Female,NA
Female,58
Male,27
Female,57
Female,49
Female,46
Female,81
Female,35
Female,28
Male,70
Male,57
Female,44
Male,NA
Male,35
Female,41
Male,42
Female,41
Male,47
Female,34
Female,43
Female,72
None of these,46
Male,NA
Male,59
Female,67
Male,32
Female,29
Female,71
Male,64
Male,73
Female,NA
Female,77
Female,70
Female,72
Male,NA
Male,67
Male,36
Male,NA
Female,67
Female,41
Male,51
Male,34
Female,22
Male,21
Female,64
Female,49
Male,67
Female,33
Female,31
Female,74
Female,33
Male,40
Female,62
Male,51
Female,53
Female,33
Male,51
Female,53
Male,46
Male,72
Male,63
Female,70
Female,71
Male,46
Female,36
Male,72
Female,42
Male,76
Female,69
Male,44
Female,43
Female,39
Male,75
Female,89
Male,28
Female,21
Female,56
Female,56
Male,37
Female,34
Female,37
Male,49
Male,81
Female,70
Female,78
Female,74
Female,23
Female,76
Male,79
Female,66
Female,NA
Female,22
Male,54
Female,54
Female,39
Male,38
Female,42
Female,43
None of these,37
Male,36
Female,62
Female,60
Female,80
Female,80
Male,71
Female,62
Female,29
Female,50
NA,NA
Male,34
Female,66
Female,52
Male,65
Male,42
Female,53
Female,NA
Male,74
Female,NA
Female,41
Female,28
Male,83
Female,32
Female,41
Male,43
Female,49
Female,76
Female,38
Female,46
Male,NA
Female,48
Female,29
Male,73
Female,35
Male,69
Male,53
NA,NA
Female,53
NA,30
Male,70
Female,52
Male,49
Male,48
Male,69
Female,24
Male,31
Male,49
Female,65
Female,26
Male,77
Male,29
Male,69
Male,62
Male,25
Female,25
Male,22
Female,82
Female,76
Female,35
Female,69
Female,76
Male,31
Male,50
Male,52
Male,84
Female,41
Male,28
Female,69
Female,44
Female,61
Female,40
Male,75
Female,69
Male,63
Male,75
Male,61
Male,89
Female,53
NA,NA
Female,80
Female,66
Male,35
Male,81
Male,21
Female,89
Male,69
Female,70
Male,70
Male,38
Male,51
Female,79
Female,80
Female,39
Female,30
Female,33
Male,29
Female,22
Female,59
Female,61
Female,46
Female,39
Male,72
Female,55
Male,51
Female,23
Female,55
NA,NA
Male,53
Male,59
Transgender,61
Male,33
Male,27
Female,25
Male,65
Female,55
Male,25
Male,61
Male,77
Male,67
Male,NA
Female,27
Female,50
Male,72
Male,71
Female,56
Female,35
Female,72
Male,35
Male,46
Male,28
Male,32
Male,32
Female,43
Female,34
Female,47
Female,59
Male,NA
Male,NA
Male,46
Female,69
Female,62
Female,55
NA,NA
Female,78
Female,72
Female,71
Female,85
Male,76
Male,35
Female,54
Male,28
Female,77
Male,69
Male,77
Female,60
Female,NA
NA,NA
Female,75
Male,43
Male,75
Female,76
Female,31
Male,47
Male,48
Female,NA
Female,38
Female,23
Female,31
Male,47
Male,89
Male,60
Male,89
Male,53
Male,62
Female,60
Female,54
Female,73
Female,25
Female,42
Female,49
Female,37
Female,30
Female,67
Female,37
Male,26
Male,55
Female,70
Female,NA
Male,32
Male,33
Female,38
Female,42
Female,68
Male,70
Female,67
Male,89
Male,49
Male,57
Female,25
Female,68
Female,65
Female,NA
Female,58
Female,66
NA,NA
Male,67
Female,55
Female,57
NA,NA
Male,64
Male,55
Female,39
Female,27
Male,27
Female,81
Female,57
Female,42
Female,56
Female,55
Female,30
Female,22
Female,51
Female,65
Female,57
Male,79
Female,52
Male,73
Female,78
Male,38
Female,45
Female,NA
Female,28
Female,68
Male,35
Female,29
Male,64
Female,62
Male,34
Female,43
Female,30
Female,57
Male,45
Female,37
NA,NA
Female,62
Female,41
Male,89
Male,46
Female,53
Female,45
Female,73
Male,NA
Male,85
Female,60
Female,36
Female,33
Male,69
Male,70
Male,52
Male,37
Female,50
Female,NA
Female,49
Male,66
Male,63
Female,67
Female,NA
Male,41
Male,44
Male,64
Female,80
Male,51
Male,71
Female,40
Male,48
Male,27
Male,39
Male,44
Female,25
Female,37
Female,55
Male,NA
Male,81
Female,46
Male,71
Female,66
Male,71
Male,NA
Male,56
Female,23
Male,49
Male,74
Male,63
Male,30
Female,27
Female,47
Female,69
Female,31
NA,NA
Male,60
Male,NA
Male,55
Female,47
Female,38
Female,NA
Female,71
Female,35
Female,75
Female,NA
Female,60
Female,NA
Female,80
Male,39
Female,NA
Male,61
Male,57
Female,73
Male,53
Female,20
Male,58
Male,61
Female,35
Female,58
Female,55
Female,59
Female,36
Male,31
Female,62
Male,62
Female,40
Female,45
Female,75
Male,74
Female,51
Male,89
Female,71
Male,71
Male,58
Female,51
Female,51
Female,61
Female,NA
Male,42
Male,64
Female,55
Female,73
Female,82
Male,55
Female,40
Female,33
Male,82
Male,58
Female,83
Male,41
Female,38
NA,NA
Male,63
Female,NA
Female,73
Female,74
Female,62
Female,51
Female,58
Female,29
Female,36
Male,64
Male,77
Male,54
Female,37
Female,76
Male,68
Male,52
Male,59
Male,42
Female,47
Male,53
Male,58
Female,63
Female,61
Female,64
Female,38
Female,68
None of these,28
Female,61
Female,36
Male,53
Female,31
Female,38
Male,56
Male,31
Male,33
Male,33
Female,23
Male,NA
Male,29
Male,NA
Male,NA
Male,48
Female,46
Male,45
Male,21
Male,19
Male,NA
Female,50
Female,25
NA,NA
Female,54
Male,21
Female,27
Male,NA
Male,38
Female,68
Male,49
Male,80
Female,72
Female,63
Male,34
Male,51
Male,52
Female,84
Male,81
Female,31
Female,41
Female,60
Male,NA
Female,46
Male,41
Male,40
Male,65
Male,28
Male,46
Male,67
Female,38
Female,47
Male,28
Female,81
Male,72
Male,63
Female,NA
Male,36
Female,83
Female,33
Female,34
Male,NA
Male,81
Male,70
Female,57
Male,42
Female,39
Female,23
Female,63
Male,41
Female,NA
Female,63
Male,83
Female,73
Male,NA
Female,73
Female,72
Female,50
Female,NA
Male,45
Female,52
Female,65
Female,NA
Male,45
Male,68
Female,41
Male,NA
Male,33
Female,43
Male,72
Female,89
Female,59
Male,29
Male,64
Female,44
Male,42
Male,41
Female,76
Female,59
Male,65
Male,81
Male,52
Male,34
Female,19
Female,41
Male,59
Female,NA
Female,66
Male,29
Male,68
Male,30
Female,61
NA,NA
Male,72
Male,77
Female,69
Female,41
Male,79
Male,33
Female,54
Female,62
Female,37
Male,64
Male,56
Female,86
Male,24
Male,38
Female,31
Female,55
Male,NA
Female,46
Female,53
Female,56
Female,62
Male,44
Female,NA
Male,42
Female,37
Female,39
Male,69
NA,NA
Female,NA
Male,40
Female,85
Female,39
Female,48
Female,61
Female,42
Female,78
Female,62
Female,39
Female,84
Female,46
Female,42
Male,58
Male,66
Male,86
Female,20
Male,48
Male,65
Female,59
Female,34
Female,37
Male,68
Male,89
Male,54
Male,21
Female,59
Female,NA
Male,62
Male,25
Female,NA
Female,NA
Male,61
Male,40
Female,52
Female,59
Male,32
Male,50
Female,58
Male,58
Female,25
Male,84
Female,65
Female,47
Male,38
Female,54
Male,33
Male,76
Female,51
Male,31
Female,29
Female,64
Female,37
Male,30
Female,34
Male,74
Female,28
Male,32
Male,61
Female,44
Female,63
Female,48
Female,72
Male,43
Female,69
Female,79
Female,39
Female,69
Female,65
Female,64
Female,48
Female,NA
Female,75
Male,27
Male,67
Female,62
Male,35
Male,46
Male,33
Female,NA
Female,50
Female,49
Female,39
Female,33
Male,46
Male,85
Female,62
Female,28
Male,30
Male,23
Female,76
Female,80
Male,73
Female,64
Male,69
Male,NA
Male,49
Male,NA
Male,64
Male,48
Female,28
Female,39
Female,26
Female,49
Female,35
Male,82
Male,52
Female,59
Female,37
Female,29
Male,68
Male,39
Male,41
Male,45
Female,42
Female,40
Male,71
Male,62
Female,59
Female,44
Male,70
Male,37
Male,64
Female,67
Female,43
Male,42
Male,29
Male,75
Male,85
Male,59
Male,53
Female,27
Female,36
Female,30
Male,46
Female,36
Female,84
Female,25
Female,74
Male,51
Male,42
Male,61
Male,39
Female,32
Female,35
Female,57
Female,74
Female,89
Male,75
Male,67
Male,74
Male,79
Male,77
Female,66
Male,24
Male,44
Male,36
Male,56
Female,47
Female,58
None of these,67
Male,68
Female,46
Male,19
Male,87
Female,78
Male,88
Male,55
Female,61
Female,54
Male,61
Female,22
Male,87
Female,51
Male,78
Female,37
Female,26
Male,79
Female,46
Female,51
Female,81
Female,44
Female,80
Male,31
Male,63
Female,40
Male,65
Male,72
Female,57
Male,66
Female,49
Female,40
Female,42
Female,32
Female,57
Female,73
Male,76
Male,55
Female,60
Transgender,52
Male,57
Female,82
Male,68
Female,29
Female,39
Female,41
Female,NA
Male,85
Male,80
Female,75
Male,73
Male,40
Female,55
Female,80
Male,70
Male,60
Male,40
Female,60
Female,60
Male,59
Female,72
Female,48
Female,68
Female,40
Female,25
Female,32
Male,39
Female,68
Female,75
Female,41
Female,37
Male,66
Male,58
Female,54
Female,53
Male,23
Female,33
Female,26
Female,58
Male,69
Male,47
Male,25
Male,62
Male,42
Male,59
Female,39
Female,50
Male,NA
Male,67
Female,54
Male,30
Female,28
Male,84
Female,73
Male,46
Female,43
Female,52
Female,51
Female,NA
Female,79
Female,NA
Female,38
Female,57
Female,51
Female,50
Female,42
Male,55
Male,70
Female,64
Female,67
Male,41
Female,80
Female,84
Male,65
Female,87
Female,61
Female,55
Female,NA
Male,NA
Male,58
Female,62
Male,66
Male,63
Male,33
Female,55
Female,69
Female,75
NA,40
Male,68
Female,61
Male,82
Female,77
Female,53
Female,72
Female,NA
Male,31
Female,67
Female,79
Female,67
Female,74
Female,70
Female,77
Male,65
Female,52
NA,21
Female,79
Female,46
Female,81
Female,58
Female,27
Female,28
Female,52
Female,NA
Female,26
Male,34
Female,70
Male,75
None of these,45
Female,49
Male,38
Male,40
Female,46
Female,53
Female,57
Female,43
Male,53
Male,57
Female,38
Male,NA
Male,74
Male,61
Male,67
Male,40
Male,86
Female,71
Male,25
Female,51
Female,64
Female,68
Male,64
Female,60
Male,73
Male,45
Female,60
Female,29
Male,27
Male,51
Female,54
Female,35
Female,37
Female,50
Female,36
Female,59
Female,62
Male,69
Female,49
Male,75
Female,67
NA,NA
Female,28
Female,62
Female,62
Female,34
Female,70
Female,31
Female,31
Male,74
Female,33
Male,41
Male,76
Female,41
Male,68
Male,71
Female,47
Female,36
Female,73
Female,69
Female,39
Female,75
Female,35
Male,45
Male,53
Female,52
Female,55
NA,NA
Female,37
Male,49
Female,82
Male,41
NA,NA
Male,67
Female,51
Female,52
Female,72
Female,71
Female,64
Male,NA
Male,43
Male,NA
Female,44
Male,74
Male,37
Female,58
Male,20
NA,NA
NA,NA
Male,33
Female,45
Female,77
Female,54
Male,48
Female,48
Male,73
Female,30
Male,46
Female,49
Female,46
Male,80
Female,41
Female,32
Female,32
Female,34
Male,NA
Female,40
Male,24
Female,63
Female,60
Male,56
Male,39
Female,61
Female,71
NA,NA
Female,48
Female,26
Male,66
Female,38
Female,63
Female,38
Female,36
Female,74
Female,41
Female,63
Male,52
Male,NA
Male,21
Male,81
Female,70
Male,33
Female,61
Female,62
Female,56
Female,47
Female,41
NA,28
Female,63
Female,57
Female,49
Male,35
NA,35
Male,36
Female,56
Male,69
Male,52
Female,43
NA,NA
Female,41
Female,NA
Male,75
Male,67
Male,48
Male,89
Male,54
Female,36
Female,59
Male,29
Female,39
Male,77
Female,54
Female,26
Male,66
Female,45
Male,62
Male,53
Male,NA
Female,59
Female,29
Male,38
Female,60
Female,59
Male,29
Male,89
Female,64
Male,69
Female,66
Male,66
Female,39
Female,62
Female,50
Female,70
Male,83
Male,60
Female,32
NA,NA
Female,61
Male,26
Female,46
Female,57
Female,43
Female,61
Female,57
Female,58
Male,40
Female,30
Male,NA
Female,53
Male,65
Male,50
Male,84
Male,49
Female,75
Female,73
Female,30
Female,89
Male,NA
Female,50
Male,39
Female,56
Female,67
Male,76
Female,60
Male,48
Male,64
Male,40
Female,51
Male,31
Female,NA
Male,79
Female,79
Male,24
Female,61
Female,33
Male,86
Male,46
Male,32
Female,59
Female,41
Male,82
Male,45
Female,NA
Female,73
Female,74
Female,29
Female,66
Female,42
Male,81
Male,73
Male,40
Female,87
Male,60
Male,47
Male,77
Male,72
Male,68
Female,72
Female,21
Female,68
Female,29
Female,52
Female,74
Female,41
Male,61
Male,63
Male,42
Female,62
Male,26
Male,56
Female,31
Male,33
Female,75
Female,74
Female,27
Male,88
Female,44
Female,71
Female,71
Female,62
Male,50
Female,31
Female,56
Male,57
Female,NA
Male,79
Male,42
Female,NA
Female,68
Female,59
Female,62
Male,67
Female,74
Male,21
Female,56
Female,79
Female,42
NA,NA
Female,88
Female,79
Male,46
Female,86
Male,77
Female,57
Female,69
Female,58
Male,33
Female,37
Female,63
Female,65
Female,47
Male,53
Male,77
Female,84
Female,61
Male,52
Female,78
Female,55
Male,70
Female,66
Female,49
Male,47
Female,NA
Female,41
Male,64
Male,34
Male,49
Female,89
Female,36
Male,52
Female,89
Female,40
Female,48
Female,58
Male,79
Male,46
Female,54
Male,60
Male,22
Male,70
Male,25
Female,89
Female,72
Female,60
Male,38
Female,77
Male,64
Female,74
Male,66
Male,75
Female,61
Female,68
Female,35
Male,67
Male,65
Female,67
Female,72
Male,56
Male,56
Male,28
Female,25
Male,55
Female,24
Male,21
Male,78
Female,37
Male,60
Male,32
Female,28
Female,63
Male,23
Female,60
Female,73
Male,27
Female,40
Female,66
Male,85
Female,59
Female,78
Male,34
Male,35
Male,60
Female,NA
Female,40
Male,27
Female,54
Female,59
Male,50
Female,36
Female,60
Female,70
Female,59
Female,29
Male,72
Female,65
Male,45
Male,64
Male,26
Transgender,32
Male,35
Female,30
Female,70
Female,NA
Male,46
Male,33
Male,74
Male,63
Male,33
Female,36
Male,59
Male,77
Female,31
Female,47
Male,62
NA,NA
Female,42
Male,22
Male,79
Male,73
Male,30
Female,56
Female,52
Male,33
Male,53
NA,NA
Male,35
Male,51
Female,32
Male,NA
Male,NA
Female,NA
Female,64
Female,NA
Male,35
Female,75
Female,60
Female,75
Female,40
Male,74
Female,47
Female,56
Female,25
Male,37
Female,42
Male,42
Male,26
Female,63
Female,68
NA,NA
Female,80
Male,61
Female,25
Male,58
Male,24
Male,55
None of these,35
Female,34
Female,68
Female,48
Male,35
Male,54
Male,38
Female,43
Male,NA
Male,60
Female,59
Male,49
NA,NA
Male,34
Male,25
Female,60
Female,31
Female,81
Female,54
Female,62
Female,54
Female,69
Female,38
Female,39
Female,51
Female,63
Male,50
Male,68
Female,60
Male,32
Female,32
Male,67
Male,67
Male,21
Female,67
Female,25
Female,66
Female,43
Female,42
Female,59
Female,54
Male,42
Female,33
Male,40
Female,34
Female,58
Female,40
Female,28
Male,58
Male,26
Female,NA
Female,22
Female,57
Male,51
Male,33
Female,42
Male,76
Female,65
Male,58
Male,64
Female,35
Male,41
Female,72
Female,65
Female,68
Female,34
NA,NA
Female,77
Male,79
Male,20
Male,66
Male,57
Female,29
Female,27
Female,38
Female,47
NA,NA
Female,36
Male,30
Male,57
Female,53
Female,51
Female,56
Female,58
Female,NA
Female,32
Male,63
Male,59
Male,51
Female,57
Male,59
Female,38
Male,76
Male,41
Female,36
Male,60
Female,40
Female,31
Female,NA
Female,29
Female,33
Female,55
Female,39
Male,45
Male,54
Male,70
Female,28
Female,NA
Female,57
Male,51
Female,73
Female,52
Female,74
Female,29
Female,56
Female,55
Male,63
Male,68
Male,37
Female,45
Female,37
Female,77
Female,NA
Male,69
Female,36
Female,34
Male,NA
Female,26
Male,82
Female,33
Female,60
Male,64
Female,81
Female,42
Female,19
NA,NA
Male,74
Female,62
Male,40
Female,46
Male,33
Male,62
Male,54
Male,53
Female,33
Female,72
Female,35
Female,51
Male,34
Male,73
Female,53
Female,75
Female,36
Male,27
Female,23
Female,51
Male,29
Female,31
Male,39
Male,48
Male,66
Female,63
Female,59
Female,69
NA,NA
Female,60
Male,81
Female,NA
Female,45
Male,NA
Female,57
Female,43
Female,37
Female,42
Male,48
Female,22
Female,37
Female,48
Female,37
Female,67
Male,38
Female,88
Male,67
Female,55
Female,54
Male,72
Male,49
Female,63
Female,63
NA,NA
Male,50
Male,66
Female,39
Male,75
Female,61
Male,19
Female,42
Female,47
Male,43
Female,24
Female,46
Female,77
Female,40
Male,33
Male,75
Male,62
Female,53
Female,35
Male,23
Male,28
Female,35
Female,NA
Female,63
Male,26
Male,48
Male,64
Male,68
Male,NA
Male,24
Male,48
Male,40
Male,NA
Female,74
Female,34
Male,43
Male,44
Female,45
Male,65
Female,34
Female,59
Female,74
Male,NA
Male,26
Female,NA
Male,54
Male,29
Male,75
Female,34
Female,70
Male,47
Female,72
Female,20
Male,73
Female,36
Female,51
Male,24
Female,50
Male,42
Male,85
Female,57
Male,67
Female,74
Male,42
Male,41
Male,32
Female,47
Female,47
Male,42
Male,54
Female,75
Male,51
Female,58
Female,57
Female,42
Male,34
Female,NA
Male,75
Male,59
Male,29
Male,57
Male,29
Female,44
Female,71
Male,37
NA,NA
Male,NA
Male,57
Female,58
Male,22
Female,71
Female,21
Male,69
Female,23
Male,40
Male,34
Female,41
Male,38
Male,75
Female,66
Male,41
Female,25
Female,45
Female,73
Female,22
Female,31
Male,27
Female,46
Male,41
Female,53
Male,37
Male,36
Female,20
Female,39
Male,47
Female,50
Female,70
Female,60
Female,32
Male,41
Female,26
NA,NA
Female,75
Male,NA
Male,49
Female,51
Female,NA
Male,59
Male,47
Female,57
Male,33
Male,88
Male,73
Male,53
Male,32
Male,59
Male,30
Male,76
Female,48
Male,73
Female,47
Male,80
Female,59
Female,63
Male,51
Male,71
Male,77
Female,32
Female,33
Female,30
Male,50
Female,39
Female,35
Female,57
Female,60
Female,61
Female,84
Male,68
Female,62
Male,54
Male,NA
Male,48
Female,32
Male,38
Female,76
Male,27
Female,76
Female,26
Female,44
Male,67
Female,46
Female,69
Female,41
Female,54
Female,61
Female,48
Female,58
Female,69
Male,72
Male,40
Female,24
Male,33
Female,50
NA,40
Male,63
Female,30
Female,59
Female,36
Female,83
Female,74
Male,44
Female,43
Female,51
Female,24
Male,68
Male,64
Male,37
Female,33
Female,36
Male,32
Male,37
Female,24
Male,27
Male,22
Female,53
Male,77
Female,23
Male,30
Female,36
Male,28
Female,45
Female,55
Female,80
Male,32
Female,45
NA,41
Female,42
Female,NA
Male,62
Male,28
Male,39
Female,41
Male,25
Male,39
Male,82
Female,19
Female,67
Male,33
Female,56
Male,24
Female,69
Female,55
Female,33
Male,22
Male,89
Male,40
Female,54
Female,57
Female,20
Female,49
Female,69
Female,62
Female,66
Female,61
Female,49
Male,71
Female,64
Male,57
Female,NA
Female,47
Male,32
Female,56
Male,23
Male,34
Male,46
Female,44
Female,38
Female,39
Male,69
Female,71
NA,NA
Male,34
Male,74
Female,57
Male,NA
Male,42
Male,52
Male,79
Female,40
Female,89
Male,61
Female,74
Male,64
Female,63
Male,38
Female,55
Female,NA
Male,75
Female,71
Male,66
Male,28
Male,NA
Female,23
Female,66
Female,41
Female,71
Female,34
Male,70
Female,82
Male,32
Female,42
Male,55
Female,82
Male,41
Female,63
Male,63
Female,61
Male,56
Male,67
Male,35
Male,64
Male,30
NA,NA
Female,39
Female,21
Female,63
Female,70
Female,56
Male,40
Female,34
Female,70
NA,NA
Male,69
Female,32
Female,59
Female,63
Female,73
Male,64
Female,57
Male,60
Male,75
Female,67
Male,73
Female,56
Female,24
Male,54
Female,56
Female,29
Female,61
Female,60
Male,34
Transgender,40
Female,32
Male,28
Female,69
Female,23
Male,52
Male,27
Female,70
Female,NA
Female,NA
Female,63
Female,70
Male,74
Female,61
Male,59
Female,38
Male,80
Male,26
Male,35
Male,32
Male,50
Female,37
Female,NA
Female,81
Female,68
Male,56
NA,NA
Male,24
Male,80
Male,42
Male,32
Female,31
Female,NA
Male,78
Female,58
Male,23
Female,65
NA,NA
Male,65
Male,72
Male,64
Female,23
Female,62
Female,59
Male,29
Female,37
Female,65
Male,72
Female,31
Male,34
Male,34
Female,70
Male,43
Female,65
Female,NA
Female,24
Transgender,28
Female,37
Male,68
Female,72
Male,60
Male,31
Female,47
Female,63
Male,46
Male,76
Male,40
Male,84
Female,NA
Female,67
Female,39
Female,70
Female,68
Female,58
Male,69
Male,39
Female,83
Female,60
Male,44
Male,46
Female,38
Male,59
Female,26
Male,42
Female,NA
Male,77
Female,69
Female,55
Male,62
Male,26
Female,74
Female,NA
Female,NA
Female,68
Female,68
Female,83
Male,74
Transgender,32
Female,55
Female,79
Female,67
Male,46
Male,40
Male,30
Male,66
Female,28
Female,55
Female,50
Female,22
Female,69
Female,38
Male,56
Male,49
Female,34
Female,51
Male,58
Female,75
Male,37
Male,40
Female,NA
Female,36
Female,36
Male,66
Female,45
Female,78
Male,65
Female,35
Female,NA
Female,29
Female,NA
Male,58
Female,19
Male,70
Female,62
Female,65
Male,NA
Female,74
Male,40
Female,55
Male,NA
Female,57
Male,86
Male,74
Female,48
Male,32
Male,67
Male,79
Female,65
Male,70
Female,81
Male,73
Male,74
Male,27
Female,31
Male,26
Female,58
Female,49
Male,39
Male,41
Female,67
Female,30
Female,NA
Female,43
Female,64
Female,NA
Male,83
Female,40
Female,51
Male,79
Male,69
Male,68
Female,36
Female,33
Female,64
Female,80
Male,75
Female,75
None of these,20
Male,NA
Female,51
Female,66
Female,37
Female,42
NA,NA
Female,46
Male,26
Female,64
Female,45
Female,67
Female,47
Male,77
Male,83
Male,79
Male,NA
Female,62
Female,31
Female,63
Male,33
NA,32
Female,67
Female,45
Female,55
Male,43
Male,58
Female,67
Male,39
Male,71
Male,28
Female,47
Male,NA
Female,63
Male,57
Male,34
Male,69
Female,29
Male,26
Male,54
Female,68
None of these,48
Female,44
Female,57
Female,62
Female,49
Male,70
Female,86
Female,NA
Female,38
Female,55
Male,76
Female,49
Female,NA
Female,56
Male,48
Female,60
Female,45
Female,61
NA,NA
Male,56
Female,25
Female,49
Female,33
Female,42
Male,69
Female,75
Female,56
Male,69
Female,58
Male,62
Female,63
Female,NA
Female,75
Male,42
Male,46
Female,43
Female,53
NA,NA
Male,74
Female,34
Female,36
Female,69
Male,74
Male,50
Female,46
Female,44
Female,63
Female,56
Male,41
Male,70
Female,31
Female,66
Male,71
Female,34
Male,86
Female,40
Male,53
Male,57
Female,77
Male,53
Female,59
Male,42
Female,39
Female,34
Male,66
Male,NA
Female,33
Male,62
Female,23
Female,65
Female,50
Male,51
NA,NA
Female,52
Male,57
Male,24
Male,NA
Male,70
Female,65
Male,49
Female,26
Female,34
Female,27
Female,22
Male,52
Female,34
NA,NA
Female,65
NA,65
Male,20
Male,62
Male,41
Male,43
Male,64
Male,35
Female,57
Male,20
Female,30
Male,30
Female,38
Female,63
Male,77
Male,28
Female,35
NA,NA
Female,59
Male,61
Female,54
Male,71
Male,33
Male,43
Female,45
Female,41
Female,61
Female,71
Male,60
Male,40
Female,NA
Female,37
Male,NA
Female,49
Female,56
Male,NA
Female,54
Female,42
Female,36
Female,74
Male,68
Male,83
Female,34
Female,41
Female,29
Female,34
Female,26
Female,55
Female,86
Male,56
Male,56
Male,36
Male,83
Male,71
Male,55
Male,59
Male,76
Female,66
Female,NA
Male,52
NA,NA
Female,18
Female,NA
Female,34
Male,74
Male,56
Male,68
Male,50
Female,55
Female,78
Female,24
Male,62
Male,70
Male,38
Female,44
Male,59
NA,NA
Male,NA
Female,25
NA,25
Female,74
Male,67
Male,70
Male,50
Female,26
Male,48
Male,64
Female,36
NA,NA
Female,54
Female,63
Male,70
Female,59
Male,59
Female,49
Male,72
Female,NA
Male,82
Female,44
Female,62
Male,74
Female,78
Female,36
Male,70
Male,78
Female,65
Female,65
Male,60
Female,NA
Male,70
Male,61
Male,37
Male,70
Female,60
Female,30
Male,30
Male,69
Male,59
Female,NA
Female,66
Female,NA
Male,63
Female,21
Female,65
Female,67
NA,NA
Female,NA
Female,67
Female,81
Female,43
Female,NA
Male,45
Female,42
Female,30
Male,NA
Female,66
Male,57
Male,40
Female,70
Female,79
Female,78
Female,57
Male,62
Female,53
Female,41
Female,69
Female,56
Male,64
Female,60
Male,66
Female,58
Female,62
Male,68
Female,55
Female,NA
Male,78
Female,39
Male,51
Female,75
Female,25
Female,60
Female,50
Female,89
Female,44
Female,63
Male,46
Female,53
Female,34
Female,54
Male,28
Male,35
Male,55
Female,34
Female,72
Male,NA
NA,NA
Male,66
Male,66
NA,52
Male,23
Female,42
Female,27
Female,39
Male,64
Female,32
NA,NA
Male,49
Male,53
Female,40
Female,55
Female,45
Male,81
Male,68
Male,67
Male,24
Female,70
Female,44
Female,70
Female,39
Male,70
Female,41
Male,67
Male,78
Female,NA
Female,54
Male,71
Male,58
Male,67
Male,78
Female,41
Male,42
Female,41
Female,79
Female,59
Female,60
Male,71
Female,NA
Female,55
Male,NA
Male,76
Male,29
Male,31
Female,43
Female,75
Male,37
Female,61
Male,NA
Male,66
Female,48
Male,35
Female,71
Female,57
Female,58
Female,41
Female,77
Male,74
Male,49
Female,53
Female,64
Male,67
Female,85
Female,58
Male,66
Male,62
Female,63
Male,47
Male,NA
Male,63
Female,48
Female,28
Female,33
NA,NA
Female,83
Female,48
Male,62
Female,75
Female,64
Female,33
Female,58
Female,73
Male,21
Female,86
Female,45
Male,72
Female,49
Female,44
Male,NA
Male,44
Female,36
Female,40
Female,51
Male,67
Male,63
Female,70
Male,64
Female,55
Male,59
Female,81
Female,NA
Male,61
Male,56
Female,35
Male,34
Male,71
Female,68
Female,73
Female,49
Male,35
Female,79
Male,20
Male,86
Female,75
Female,62
Male,68
Female,29
Male,69
Female,39
Male,55
Female,24
Female,48
Female,31
NA,30
Male,46
Female,24
Male,70
Male,72
Female,42
Female,28
Male,86
Female,65
Male,24
Male,62
Female,25
Female,52
Male,28
Female,50
Male,70
Male,32
Female,36
Female,42
Male,70
Female,84
Female,42
Male,31
Female,76
Female,NA
Male,79
Male,70
Male,51
Male,23
Male,39
Female,69
Female,59
Female,58
Male,80
Male,68
Female,58
NA,NA
Male,21
Male,44
Male,71
Female,59
Male,20
Female,34
Male,56
Male,35
Female,38
Female,60
Female,42
Female,57
Female,70
Female,57
Male,78
Female,76
Male,72
Female,56
Female,29
Male,59
Female,33
Female,57
Male,35
Male,31
Female,22
Female,62
Female,41
Male,84
Male,36
Female,33
Female,41
Male,19
Male,32
Female,67
Male,53
Male,28
Female,39
Female,25
Male,78
Female,67
Female,72
Male,28
Male,40
Male,80
Male,86
Female,42
Male,60
Male,NA
Male,67
Male,80
Male,58
Female,23
Female,68
Female,41
Female,36
Female,29
Female,56
Male,21
Male,68
Male,68
Male,36
Male,35
Male,59
Female,81
Male,60
Male,NA
Female,40
Female,53
Female,NA
Male,25
Male,67
Female,69
Male,57
Female,NA
Male,38
Male,39
Female,42
Female,85
Female,72
Female,59
Female,83
Male,62
Male,65
Female,73
Male,67
Male,76
Female,33
Male,30
Female,73
Male,63
Female,49
Female,22
NA,NA
Female,50
Male,57
Male,74
Female,61
Male,32
Male,31
Male,56
Female,53
Female,65
Male,34
Male,37
Male,43
Female,NA
Female,61
Female,37
Female,58
Female,29
Male,33
Male,73
Female,71
Male,45
Female,38
Male,63
Female,24
Female,41
Male,75
Female,36
Female,61
Female,81
Transgender,38
Male,40
Female,70
Female,62
Female,44
Female,67
Male,23
Male,63
Female,50
Male,69
Female,50
Female,38
Female,32
Male,36
Female,78
Female,62
Female,60
Female,60
Female,47
Male,60
Female,71
Female,68
Female,NA
Female,18
Female,46
Female,83
Male,75
Transgender,43
Male,NA
Female,65
Female,19
Male,82
Female,52
Male,25
Male,81
Female,57
Female,52
Female,19
Male,58
Male,63
Male,26
Female,46
NA,NA
Male,83
Female,72
Female,44
Male,74
Female,NA
Female,68
Female,47
Female,30
Female,42
Male,22
Female,35
Male,47
Female,NA
Female,32
Male,NA
Male,29
Female,67
Male,57
Male,51
Female,73
Male,44
Female,45
Female,38
Male,35
Female,22
Female,65
Male,30
Female,56
Male,NA
Male,NA
Female,NA
Female,60
Male,57
Female,51
Male,54
Male,61
Female,26
Male,51
Male,84
Female,46
Female,65
Female,79
Male,51
Male,56
Female,56
Male,40
Female,22
NA,NA
Male,23
Female,54
Male,26
Female,58
Female,53
Male,36
Female,57
Female,74
Female,89
Male,76
Male,79
Female,67
Male,38
Male,47
Female,59
Male,48
Male,72
Female,51
Female,59
Male,51
Female,33
Female,40
Female,37
Male,19
Male,51
Male,49
Female,73
Female,74
Male,68
Female,63
Female,30
Female,NA
Male,56
Female,76
Female,80
Male,NA
Male,76
Female,41
Male,31
Male,84
Female,68
Female,30
Female,31
Male,54
Female,78
Male,68
Male,47
Female,41
Male,65
Female,31
Male,NA
Female,NA
Male,21
Female,44
Female,54
Male,46
Male,67
Female,50
Female,58
Female,43
Male,56
Male,53
Female,29
Male,52
Male,73
Male,61
Male,44
Female,46
Male,24
Female,35
Female,53
Female,55
Female,47
Female,63
Female,27
Female,47
Male,80
Female,68
Female,59
Female,67
Male,34
Female,66
NA,26
Male,24
Female,69
Female,NA
Female,NA
Male,65
Male,53
Female,55
Female,72
Female,68
Male,44
Female,28
Female,43
Female,29
Male,31
Female,54
Male,61
Male,69
Male,39
Male,39
Male,59
Female,66
Female,51
Female,32
Female,59
Female,81
Male,67
Female,NA
Male,29
Female,72
Female,50
Male,35
Male,63
NA,NA
Male,NA
Male,61
Female,69
Female,47
Female,46
Male,74
Male,63
Female,34
Male,77
Female,NA
Male,30
Female,58
Male,52
Female,27
Male,52
Male,77
Female,51
Female,23
Female,29
Female,64
Female,47
Male,43
Female,44
Male,72
Male,56
Male,61
Male,67
Female,39
Male,70
Male,39
Female,43
Female,57
Female,69
Male,63
Male,30
Female,46
Female,59
Female,35
Female,61
Female,82
Male,50
Female,47
Female,60
Male,28
Female,30
Male,33
Male,NA
Female,24
Male,68
Female,42
Male,63
Female,37
Female,77
Female,77
Female,61
Male,73
Female,33
Female,30
Female,NA
Male,77
Female,56
Female,35
Female,44
Female,30
Female,70
Male,20
Female,78
Male,29
Female,27
Male,45
Male,24
Male,44
Female,75
Male,59
Female,71
Female,55
Female,29
Female,NA
Male,32
Male,43
Female,42
Female,67
Male,54
Female,44
Male,29
Female,67
Female,74
Female,23
Male,22
Male,38
Male,51
Female,35
Female,40
Female,79
Female,41
Female,43
Male,84
Female,41
Female,42
Male,37
Male,85
Female,56
Male,NA
NA,NA
Female,68
Female,51
Female,47
Male,71
Female,55
Female,41
Female,63
Male,41
Male,40
Male,24
Male,57
Male,44
Female,33
Male,45
Male,53
Female,23
Female,38
Female,59
NA,NA
Male,52
Female,26
Female,57
Male,74
Female,50
Female,82
Male,78
Male,38
Female,64
Female,49
Male,78
Female,85
Male,21
Female,26
Male,65
Female,66
Male,NA
Transgender,36
Female,28
Female,53
Female,44
Female,44
NA,44
Male,39
Male,55
Male,64
Female,71
Male,68
Female,61
Female,79
Male,56
Female,25
Male,57
Female,81
Male,50
Female,67
Female,65
Female,30
Female,69
Female,46
Male,42
Female,83
Male,75
Male,51
Female,58
Male,59
Male,69
Male,31
Female,56
Male,85
Male,60
Female,33
Male,62
Female,26
Female,47
Female,69
Female,41
Female,41
Female,50
Female,32
Male,27
Male,64
Female,78
Male,59
Male,58
Female,52
Female,67
Female,71
Male,NA
Male,19
Male,55
Female,30
Female,73
NA,NA
Female,77
Female,65
Male,69
Male,52
Male,42
Female,NA
Female,89
Male,25
NA,NA
Male,64
Male,61
Male,65
Female,71
Male,75
Male,70
Male,61
Female,49
Female,NA
Female,43
Female,NA
Female,39
Female,NA
Male,75
Male,71
Female,84
Female,80
Female,62
Female,NA
Female,36
Female,61
Female,NA
Female,34
Female,72
Female,67
Female,NA
None of these,64
Male,81
Female,69
Female,63
Female,62
Female,37
Female,43
Male,68
Female,72
Male,76
NA,24
Female,70
Female,74
Male,33
Female,59
Female,28
Female,NA
Male,29
Female,61
Male,31
Female,28
Female,67
Male,56
Male,74
Female,63
Male,77
Male,64
Male,69
Female,58
Male,48
Male,62
Female,37
Female,64
Male,39
Male,70
Female,NA
Male,52
Female,86
NA,NA
Female,78
Female,48
Male,72
Female,70
Male,NA
Female,51
Male,49
None of these,22
Male,55
Female,37
Female,66
Female,39
Female,69
Male,55
Female,28
Male,36
Male,74
Male,63
Female,84
Male,42
Male,52
Male,31
Male,39
Male,65
Male,22
Male,52
Female,62
Female,31
Male,78
Female,75
Male,55
Female,54
Female,27
Female,29
Female,81
Female,70
Male,44
Female,32
Male,52
Male,53
Male,61
Male,19
Female,33
Female,NA
Male,67
Male,55
Female,43
Male,69
Female,24
NA,NA
Male,84
Male,58
Male,73
Female,68
Female,63
Female,75
NA,NA
Male,59
Female,73
Female,68
Female,51
Female,31
Female,62
Male,37
NA,NA
Female,62
Male,62
Female,55
Male,52
Male,27
Male,57
Male,NA
Male,45
Female,55
Female,21
Male,68
Male,71
Male,60
Male,NA
Male,45
None of these,25
Female,61
Male,NA
Female,42
Male,48
Male,74
Female,25
Male,53
Female,69
Female,78
Male,36
Female,57
Female,37
Female,45
Female,38
Male,49
Female,62
Male,74
Female,29
Female,NA
Female,35
Female,29
Female,34
Female,69
Female,74
NA,NA
Male,74
Female,21
Male,57
Male,33
Male,67
Male,53
Female,57
Female,69
Female,67
Male,22
Female,50
Male,57
Male,44
Female,44
Male,37
Female,54
NA,NA
Female,56
Male,34
Female,NA
Female,49
Male,53
Female,47
Female,65
Male,42
Female,31
Female,46
Female,36
Female,53
Female,47
None of these,40
Male,NA
Female,28
Male,36
Female,54
Female,61
Female,23
Female,32
Male,34
Female,41
Male,45
Female,NA
Female,20
Female,61
Female,43
Male,62
Male,45
Female,43
Female,71
Male,37
Male,NA
Male,46
Male,34
Male,66
Male,NA
Male,70
Male,19
Male,27
Male,43
Male,30
Female,38
Female,44
Female,38
Male,69
Female,24
Male,82
Male,51
Male,80
Female,64
Male,46
Male,61
Female,57
Female,33
Female,34
Male,39
Female,72
Male,25
Female,68
Female,45
Male,37
Male,NA
Female,39
Male,50
Female,30
Male,71
Male,66
Female,81
Male,36
Female,35
NA,NA
Female,71
Female,46
Female,66
Male,67
Male,75
Male,29
Male,50
Female,52
Male,66
Female,30
Male,71
Female,80
NA,NA
Male,77
Female,49
Male,48
Male,74
Male,35
Male,67
Female,63
Female,NA
Male,69
Male,40
Male,68
Female,67
NA,NA
Male,37
Female,74
Male,48
Male,NA
Female,85
Female,73
Female,35
Male,71
Female,28
Female,61
Male,63
Male,59
Male,51
Female,72
Male,37
Female,36
Male,30
Female,26
Male,54
Male,42
Female,40
Female,46
Female,44
Female,47
Female,60
Female,30
Female,38
Male,75
Male,NA
Male,75
Female,22
Female,18
Male,67
Male,40
Female,26
Male,44
Male,67
Female,31
Female,42
Male,33
Female,NA
Male,81
Male,77
Male,45
Female,53
Female,34
Female,37
Female,29
Transgender,31
Female,26
Male,48
Female,28
Female,64
Female,NA
Female,74
Female,33
Male,20
NA,NA
Female,64
Female,50
Female,63
Male,63
Female,48
Male,29
Male,NA
Male,53
Female,62
Female,43
Female,33
Male,40
Female,60
Male,NA
Male,71
Female,35
Female,66
Male,47
Female,32
Male,50
Female,25
Male,67
Male,39
Male,45
Male,73
Female,56
Female,45
Male,52
Female,84
Female,68
Male,43
Male,68
Female,60
Female,75
Male,68
Male,34
Male,31
Female,65
Male,79
Male,50
Male,39
Male,44
Female,80
Male,64
Female,45
Male,34
Female,85
Male,43
Male,36
Female,48
Male,50
Male,37
Male,57
Female,51
Male,68
Male,59
Female,65
Male,26
Male,61
Male,59
Female,63
Female,35
Male,54
Male,31
Male,35
Female,26
Male,77
Male,33
Female,25
Male,28
Male,35
Female,32
Female,26
Female,31
Male,38
Male,79
Female,59
Male,30
Male,25
Female,59
Male,33
Female,28
Male,34
Male,79
Female,58
Female,74
Female,24
Male,65
Male,51
Female,38
Female,25
Female,65
Female,28
Female,32
Male,51
Male,44
Male,34
Male,70
Female,NA
Male,76
Male,71
Female,54
Male,NA
Female,30
Male,NA
Female,33
Male,26
Male,47
Female,28
Male,70
Female,64
Male,24
Female,63
Female,33
Male,54
Male,35
Female,30
Female,41
Female,58
Female,57
Female,56
Female,53
Male,28
Female,29
Female,74
Male,33
Male,43
Male,29
Male,60
Female,76
Female,25
Male,28
Male,24
Male,58
Female,38
Female,30
None of these,58
Female,55
Female,38
Male,57
Female,68
Male,34
Male,70
Male,67
Male,75
Male,30
Female,70
Female,29
Female,44
Male,33
Female,39
Male,25
Female,61
Female,65
Female,27
Female,69
Female,81
Female,53
Female,25
Female,28
Male,NA
Male,71
Female,31
Female,21
Female,29
Female,NA
Female,68
Male,48
